<?xml version='1.1' encoding='UTF-8'?>
<hudson.tasks.Mailer_-DescriptorImpl plugin="mailer@1.20">
  <defaultSuffix>@gmail</defaultSuffix>
  <hudsonUrl>http://192.168.1.93:8080/</hudsonUrl>
  <smtpAuthUsername>cmachia88@gmail.com</smtpAuthUsername>
  <smtpAuthPassword>{AQAAABAAAAAwrHlJ4AyUbOP+RFP6mdmqbXd6Nqg5G8Bj0AAI0Gp619pthp9KBzqTiKidVewYcRzmKWRCVE9tRHZD1YF+enEIUQ==}</smtpAuthPassword>
  <replyToAddress>cmachia88@gmail.com</replyToAddress>
  <smtpHost>smtp.gmail.com</smtpHost>
  <useSsl>true</useSsl>
  <smtpPort>465</smtpPort>
  <charset>UTF-8</charset>
</hudson.tasks.Mailer_-DescriptorImpl>