<?xml version='1.1' encoding='UTF-8'?>
<org.jvnet.hudson.plugins.thinbackup.backup.PluginList plugin="thinBackup@1.9">
  <plugins>
    <entry>
      <string>role-strategy</string>
      <string>2.9.0</string>
    </entry>
    <entry>
      <string>pipeline-milestone-step</string>
      <string>1.1</string>
    </entry>
    <entry>
      <string>jdk-tool</string>
      <string>1.0</string>
    </entry>
    <entry>
      <string>github-branch-source</string>
      <string>1.10</string>
    </entry>
    <entry>
      <string>build-flow-plugin</string>
      <string>0.20</string>
    </entry>
    <entry>
      <string>workflow-multibranch</string>
      <string>2.9</string>
    </entry>
    <entry>
      <string>maven-plugin</string>
      <string>3.1.2</string>
    </entry>
    <entry>
      <string>nested-view</string>
      <string>1.14</string>
    </entry>
    <entry>
      <string>handlebars</string>
      <string>1.1.1</string>
    </entry>
    <entry>
      <string>ldap</string>
      <string>1.13</string>
    </entry>
    <entry>
      <string>git-client</string>
      <string>2.7.3</string>
    </entry>
    <entry>
      <string>scm-api</string>
      <string>2.2.7</string>
    </entry>
    <entry>
      <string>pipeline-stage-step</string>
      <string>2.2</string>
    </entry>
    <entry>
      <string>email-ext</string>
      <string>2.52</string>
    </entry>
    <entry>
      <string>github</string>
      <string>1.22.3</string>
    </entry>
    <entry>
      <string>windows-slaves</string>
      <string>1.2</string>
    </entry>
    <entry>
      <string>build-timeout</string>
      <string>1.17.1</string>
    </entry>
    <entry>
      <string>parameterized-trigger</string>
      <string>2.35.2</string>
    </entry>
    <entry>
      <string>workflow-cps-global-lib</string>
      <string>2.4</string>
    </entry>
    <entry>
      <string>workflow-support</string>
      <string>2.20</string>
    </entry>
    <entry>
      <string>mailer</string>
      <string>1.20</string>
    </entry>
    <entry>
      <string>log-parser</string>
      <string>2.0</string>
    </entry>
    <entry>
      <string>antisamy-markup-formatter</string>
      <string>1.5</string>
    </entry>
    <entry>
      <string>pipeline-rest-api</string>
      <string>2.1</string>
    </entry>
    <entry>
      <string>conditional-buildstep</string>
      <string>1.3.6</string>
    </entry>
    <entry>
      <string>workflow-scm-step</string>
      <string>2.7</string>
    </entry>
    <entry>
      <string>ws-cleanup</string>
      <string>0.30</string>
    </entry>
    <entry>
      <string>build-pipeline-plugin</string>
      <string>1.5.8</string>
    </entry>
    <entry>
      <string>token-macro</string>
      <string>2.0</string>
    </entry>
    <entry>
      <string>pipeline-input-step</string>
      <string>2.3</string>
    </entry>
    <entry>
      <string>run-condition</string>
      <string>1.2</string>
    </entry>
    <entry>
      <string>thinBackup</string>
      <string>1.9</string>
    </entry>
    <entry>
      <string>momentjs</string>
      <string>1.1.1</string>
    </entry>
    <entry>
      <string>git-server</string>
      <string>1.7</string>
    </entry>
    <entry>
      <string>credentials-binding</string>
      <string>1.9</string>
    </entry>
    <entry>
      <string>workflow-aggregator</string>
      <string>2.4</string>
    </entry>
    <entry>
      <string>pipeline-build-step</string>
      <string>2.3</string>
    </entry>
    <entry>
      <string>pipeline-stage-view</string>
      <string>2.1</string>
    </entry>
    <entry>
      <string>credentials</string>
      <string>2.1.18</string>
    </entry>
    <entry>
      <string>configurationslicing</string>
      <string>1.47</string>
    </entry>
    <entry>
      <string>simple-theme-plugin</string>
      <string>0.4</string>
    </entry>
    <entry>
      <string>workflow-step-api</string>
      <string>2.16</string>
    </entry>
    <entry>
      <string>persistent-parameter</string>
      <string>1.1</string>
    </entry>
    <entry>
      <string>plain-credentials</string>
      <string>1.3</string>
    </entry>
    <entry>
      <string>locale</string>
      <string>1.4</string>
    </entry>
    <entry>
      <string>command-launcher</string>
      <string>1.0</string>
    </entry>
    <entry>
      <string>jquery</string>
      <string>1.11.2-0</string>
    </entry>
    <entry>
      <string>matrix-project</string>
      <string>1.13</string>
    </entry>
    <entry>
      <string>bouncycastle-api</string>
      <string>2.16.0</string>
    </entry>
    <entry>
      <string>javadoc</string>
      <string>1.4</string>
    </entry>
    <entry>
      <string>jquery-detached</string>
      <string>1.2.1</string>
    </entry>
    <entry>
      <string>throttle-concurrents</string>
      <string>2.0.1</string>
    </entry>
    <entry>
      <string>pam-auth</string>
      <string>1.3</string>
    </entry>
    <entry>
      <string>ace-editor</string>
      <string>1.1</string>
    </entry>
    <entry>
      <string>git</string>
      <string>3.9.1</string>
    </entry>
    <entry>
      <string>publish-over-ftp</string>
      <string>1.15</string>
    </entry>
    <entry>
      <string>icon-shim</string>
      <string>2.0.3</string>
    </entry>
    <entry>
      <string>workflow-durable-task-step</string>
      <string>2.21</string>
    </entry>
    <entry>
      <string>ssh-credentials</string>
      <string>1.14</string>
    </entry>
    <entry>
      <string>cloudbees-folder</string>
      <string>6.7</string>
    </entry>
    <entry>
      <string>discard-old-build</string>
      <string>1.05</string>
    </entry>
    <entry>
      <string>durable-task</string>
      <string>1.25</string>
    </entry>
    <entry>
      <string>workflow-job</string>
      <string>2.8</string>
    </entry>
    <entry>
      <string>workflow-basic-steps</string>
      <string>2.2</string>
    </entry>
    <entry>
      <string>jsch</string>
      <string>0.1.54.2</string>
    </entry>
    <entry>
      <string>postbuild-task</string>
      <string>1.8</string>
    </entry>
    <entry>
      <string>timestamper</string>
      <string>1.8.7</string>
    </entry>
    <entry>
      <string>github-api</string>
      <string>1.79</string>
    </entry>
    <entry>
      <string>pipeline-graph-analysis</string>
      <string>1.2</string>
    </entry>
    <entry>
      <string>junit</string>
      <string>1.24</string>
    </entry>
    <entry>
      <string>structs</string>
      <string>1.14</string>
    </entry>
    <entry>
      <string>apache-httpcomponents-client-4-api</string>
      <string>4.5.5-3.0</string>
    </entry>
    <entry>
      <string>ant</string>
      <string>1.4</string>
    </entry>
    <entry>
      <string>categorized-view</string>
      <string>1.10</string>
    </entry>
    <entry>
      <string>workflow-cps</string>
      <string>2.21</string>
    </entry>
    <entry>
      <string>mapdb-api</string>
      <string>1.0.9.0</string>
    </entry>
    <entry>
      <string>ssh-slaves</string>
      <string>1.11</string>
    </entry>
    <entry>
      <string>matrix-auth</string>
      <string>2.3</string>
    </entry>
    <entry>
      <string>github-organization-folder</string>
      <string>1.5</string>
    </entry>
    <entry>
      <string>gradle</string>
      <string>1.25</string>
    </entry>
    <entry>
      <string>git-parameter</string>
      <string>0.7.0</string>
    </entry>
    <entry>
      <string>subversion</string>
      <string>2.7.1</string>
    </entry>
    <entry>
      <string>job-node-stalker</string>
      <string>1.0.5</string>
    </entry>
    <entry>
      <string>display-url-api</string>
      <string>2.0</string>
    </entry>
    <entry>
      <string>script-security</string>
      <string>1.46</string>
    </entry>
    <entry>
      <string>external-monitor-job</string>
      <string>1.6</string>
    </entry>
    <entry>
      <string>nodelabelparameter</string>
      <string>1.7.2</string>
    </entry>
    <entry>
      <string>publish-over</string>
      <string>0.22</string>
    </entry>
    <entry>
      <string>branch-api</string>
      <string>1.11</string>
    </entry>
    <entry>
      <string>Hudson core</string>
      <string>2.150</string>
    </entry>
    <entry>
      <string>workflow-api</string>
      <string>2.29</string>
    </entry>
  </plugins>
</org.jvnet.hudson.plugins.thinbackup.backup.PluginList>