<?xml version='1.1' encoding='UTF-8'?>
<jenkins.plugins.publish__over__ftp.BapFtpPublisherPlugin_-Descriptor plugin="publish-over-ftp@1.15">
  <hostConfigurations>
    <jenkins.plugins.publish__over__ftp.BapFtpHostConfiguration>
      <name>suarez_ftp</name>
      <hostname>192.168.26.3</hostname>
      <username>suarez</username>
      <secretPassword>{AQAAABAAAAAQs4daqZUhGD53IPr4H4YOQBVnRE47S+S0aB1i/kaIa/Q=}</secretPassword>
      <remoteRootDir>/home/suarez</remoteRootDir>
      <port>21</port>
      <timeout>300000</timeout>
      <useActiveData>false</useActiveData>
      <disableMakeNestedDirs>false</disableMakeNestedDirs>
      <disableRemoteVerification>false</disableRemoteVerification>
      <useFtpOverTls>false</useFtpOverTls>
      <useImplicitTls>false</useImplicitTls>
    </jenkins.plugins.publish__over__ftp.BapFtpHostConfiguration>
    <jenkins.plugins.publish__over__ftp.BapFtpHostConfiguration>
      <name>develop_ftp</name>
      <hostname>192.168.29.50</hostname>
      <username>ftpadmin</username>
      <secretPassword>{AQAAABAAAAAQFqLVXMUxh1EDm+6hpI0PT+c8fBczcyd9C2shsWfquGY=}</secretPassword>
      <remoteRootDir>/home/ftp/ftpadmin</remoteRootDir>
      <port>21</port>
      <timeout>300000</timeout>
      <useActiveData>false</useActiveData>
      <disableMakeNestedDirs>false</disableMakeNestedDirs>
      <disableRemoteVerification>false</disableRemoteVerification>
      <useFtpOverTls>false</useFtpOverTls>
      <useImplicitTls>false</useImplicitTls>
    </jenkins.plugins.publish__over__ftp.BapFtpHostConfiguration>
  </hostConfigurations>
  <defaults class="jenkins.plugins.publish_over_ftp.options.FtpPluginDefaults"/>
</jenkins.plugins.publish__over__ftp.BapFtpPublisherPlugin_-Descriptor>